Scene ID,Scene Name,Scene Label,Scene File,Interactable ID,Interactable Name,Object Name,Default State,Action One,Action One - Object Name,Action Two,Action Two - Object Name,Action Three,Action Three - Object Name,Action Four,Action Four - Object Name
0,Campgrounds,Cabin,Campground Iso,0,Potted Plant,CampPlant_Bonsai,null,Bonsai,CampPlant_Bonsai,Venus Fly Trap,CampPlant_Flytrap,Peace Lily,CampPlant_PeaceLily,Succulent,CampPlant_Succulent
0,Campgrounds,Cabin,Campground Iso,1,GraveStone,GraveStoneBirds,null,One Offering,GraveStoneBirds_1,Two Offerings,GraveStoneBirds_2,Three Offerings,GraveStoneBirds_3,Give Nothing,GraveStoneBirds_None
0,Campgrounds,Cabin,Campground Iso,2,Snack,CampSnack_Trout (1),null,Trout,CampSnack_Trout,Marshmallow,CampSnack_Marshmallow,Kebab,CampSnack_Kebab,Corn,CampSnack_Corn
0,Campgrounds,Cabin,Campground Iso,3,Choose your Watercraft,Camp_Watercraft_Canoe,null,Yellow Inner Tube,Camp_Watercraft_Tube,Wooden Raft,Camp_Watercraft_Raft,Shoddy Barrel,Camp_Watercraft_Barrel,Red Canoe,Camp_Watercraft_Canoe
0,Campgrounds,Cabin,Campground Iso,4,BeachWell,Well_01,null,Fill Bucket,Well_01_Full,Drop Bucket,Well_01_DropBucket,Poison The Well,Well_01_Poison,Burn it down,Well_01_SetOnFire
0,Campgrounds,Cabin,Campground Iso,5,Wildlife,CafeCat_Orange,null,Prussian Cat,BodegaPet_CatBlue,Snake,BodegaPet_Snake,Tabby Cat,BodegaPet_CatOrange,Crab,BodegaPet_Crab
0,Campgrounds,Cabin,Campground Iso,6,Bear Dreams,BearDream_Base,null,Snow,BearDream_Snow,Astronaut,BearDream_Astronaut,Hamburger,BearDream_Hamburger,Octopus,BearDream_Octopus
0,Campgrounds,Cabin,Campground Iso,7,Gift for Yeti,Gift_Int,null,Book,CampYeti_Book,Fishing Rod,CampYeti_FishingRod,Tomato Juice,CampYeti_Tomato,Sun Screen,CampYeti_Sunreflector
0,Campgrounds,Cabin,Campground Iso,8,Record Player,CampMusic_Record,null,Doom Metal,CampMusic_Record,Indie Folk,CampMusic_Record,Flamenco,CampMusic_Record,Soul RnB,CampMusic_Record
0,Campgrounds,Cabin,Campground Iso,9,Stump,CampStump_Axe 1,null,Axe,CampStump_Axe 1,Sword,CampStump_Sword,Mushroom,CampStump_Shroom 1,Sapling,CampStump_Sapling
0,Campgrounds,Cabin,Campground Iso,10,Picnic,CampPicnic_Cheese,null,Jello,CampPicnic_Jello,Grapes,CampPicnic_Grapes,Cheese,CampPicnic_Cheese,Champagne,CampPicnic_Champagne
0,Campgrounds,Cabin,Campground Iso,11,Ship Creature,CampPest_Pigeon,null,Beetle,CampPest_Beetles,Spider,CampPest_Spider,Mouse,CampPest_Mice,Pigeon,CampPest_Pigeon
0,Campgrounds,Cabin,Campground Iso,12,Car,CampCar_Station,null,Station Wagon,CampCar_Station,Pickup,CampCar_Truck,Jeep,CampCar_Jeep,Camper,CampCar_Camper
0,Campgrounds,Cabin,Campground Iso,13,Bush,CampBush_BerryA,null,Raspberry,CampBush_BerryA,Blueberry,CampBush_BerryB,Flower,CampBush_Flower,Poison Ivy,CampBush_Ivy (1) 1
0,Campgrounds,Cabin,Campground Iso,14,Hobby,CampDraft_Paper,null,Blueprints,null,Car Design,null,Comics,null,Novel,null
0,Campgrounds,Cabin,Campground Iso,15,Kitchen Sink,CampKitchen_Clean,null,Clean,CampKitchen_Clean,Dirty,CampKitchen_Dirty,On Fire,CampKitchen_OnFire,Wash Cat,CampKitchen_WashCat
1,Cafe,Cafe,Cafe,0,Customer,Cafe_Human,CafeCustomer_Human,Ghost,CafeCustomer_Ghost,Pirate,CafeCustomer_Pirate,Human,CafeCustomer_Human,Child,CafeCustomer_Teen
1,Cafe,Cafe,Cafe,1,Barista,Cafe_BaristaItem,Cafe_Barista_NoItem,""Here's your coffee!"" ,Cafe_Barista_Coffee,""That's $98 in change."",Cafe_Barista_Cash,""Did you lose a toy?"",Cafe_Barista_Toy,""Here's the bathroom key."",Cafe_Barista_Key
1,Cafe,Cafe,Cafe,2,News Stand,Newstand,Cafe_Newstand,Community Board,Cafe_News_CommunityBoard,TV ,Cafe_News_TV,Radio,Cafe_News_Radio,Tabloids,Cafe_News_Tabloid
1,Cafe,Cafe,Cafe,3,Pastry Case,PastryCase,Cafe_PastryCase_Macaron,Steamed Buns,Cafe_PastryCase_Buns,Panini,Cafe_PastryCase_Panini,Gelato,Cafe_PastryCase_Gelato,Macaron,Cafe_PastryCase_Macaron
1,Cafe,Cafe,Cafe,4,Someone's Laptop,Cafe_Laptop_Open,Cafe_Laptop_Open,Close Laptop,Cafe_Laptop_Closed,Open,Cafe_Laptop_Open,Change Screensaver,Cafe_Laptop_Screensaver,Draw on Laptop,Cafe_Laptop_Draw
1,Cafe,Cafe,Cafe,5,Drink,SaloonBar_Drink_Latte,SaloonBar_Drink_Latte,Beer,SaloonBar_Drink_Beer,Latte,SaloonBar_Drink_Latte,Juice,SaloonBar_Drink_Juice,Tiki Bowl,SaloonBar_Drink_Tiki
1,Cafe,Cafe,Cafe,6,Bodega Pet,CafeCat,BodegaPet_CatOrange,Prussian Blue Cat,BodegaPet_CatBlue,Snake,BodegaPet_Snake,Orange Tabby Cat,BodegaPet_CatOrange,Crab,BodegaPet_Crab
1,Cafe,Cafe,Cafe,7,Snooty Customer,Cafe_CustomerSnooty,Cafe_CustomerSnooty,""I love this latte."",Cafe_CustomerSnooty_LoveDrink_Var,""Eugh, yuck!"",Cafe_CustomerSnooty_HateDrink_Var,""Picking up for my family..."",Cafe_CustomerSnooty_HoldingDrinks_Var,They're too busy texting.,Cafe_CustomerSnooty_Texting Var
1,Cafe,Cafe,Cafe,8,Record Player,CampMusic_Record,CampMusic_Record,Doom Metal,CampMusic_Record,Indie Folk,CampMusic_Record,Flamenco,CampMusic_Record,Soul RnB,CampMusic_Record
1,Cafe,Cafe,Cafe,9,Merchandise,CafeMerch_CoffeeBean,CafeMerch_CoffeeBean,Ukelele,CafeMerch_Ukulele,Coffee Beans,CafeMerch_CoffeeBean,Vinyls,CafeMerch_Vinyl,Dino Toy,CafeMerch_Dino
1,Cafe,Cafe,Cafe,10,Professional ,NPCProfessional_Wait,null,Taking Photos,NPCProfessional_Camera,Eating Candy,NPCProfessional_Candy,Waiting,NPCProfessional_Wait,Talking on Phone,NPCProfessional_Phone
1,Cafe,Cafe,Cafe,11,Student,CafeStudent_Sleeping,CafeStudent_Sleeping,Studying,CafeStudent_Studying,Sleeping,CafeStudent_Sleeping,Jittery,CafeStudent_Awake,Playing Games,CafeStudent_Games
1,Cafe,Cafe,Cafe,12,Potted Plant,CafePlant_Succulent,CafePlant_Succulent,Bonsai,CafePlant_Bonsai,Venus Fly Trap,CafePlant_Flytrap,Peace Lily,CafePlant_PeaceLily,Succulent,CafePlant_Succulent
1,Cafe,Cafe,Cafe,13,Dessert,Dessert,Cafe_Dessert_Default,Strawberry Shortcake,Cafe_Dessert_CakeStrawberry,Matcha Shaved Ice,Cafe_Dessert_ShavedIce,Fruity Tart,Cafe_Dessert_Tart,Sweet Concha,Cafe_Dessert_Concha
1,Cafe,Cafe,Cafe,14,Barista Aprons,BaristaApron_Green,BaristaApron_Green,Green,BaristaApron_Green,Lilac,BaristaApron_Lilac,Orange,BaristaApron_Orange,White,BaristaApron_White
1,Cafe,Cafe,Cafe,15,Today's Special,Cafe_Sign,Cafe_Sign,Pepper Latte,Cafe_Sign_SpicyLatte Var,Moroccan Mint Tea,Cafe_Sign_TeaTime Var,Rainbow Smoothie,Cafe_Sign_Rainbow Var,Open Mic Night,Cafe_Sign_MicNight Var
2,Castle Beach,Castle Beach,CastleBeach,0,Rock,rock_V1,null,Mine Gold,rock_V1_ore_1,Mine Copper,rock_V1_ore_2,Mine Silver,rock_V1_ore_3,Mine Jade,rock_V1_ore_4
2,Castle Beach,Castle Beach,CastleBeach,1,Cauldron,ST_Cauldron_Blue,null,Boil Water,ST_Cauldron_Blue,Cook Stew,ST_Cauldron_Yellow,Brew a Potion,ST_Cauldron_Poison,Polish,ST_Cauldron
2,Castle Beach,Castle Beach,CastleBeach,2,Sand Castle,Beach_SandCastle (1),null,Play Tic-Tac-Toe,Beach_TicTacToe,Build Sand Castle,Beach_SandCastle (1),Have a Picnic,Beach_Picnic,Find Treasure Chest,Beach_Pirate_Chest
2,Castle Beach,Castle Beach,CastleBeach,3,Study Nemesis,Painting_Cujo,null,Capn' Cujo,Painting_Cujo 1,Capn' Rum,Painting_Human 1,Capn' Beardy,Painting_Nemesis 1,Capn' Whale,Painting_Whale 1
2,Castle Beach,Castle Beach,CastleBeach,4,Drink,SaloonBar_Drink_Beer,null,Beer,SaloonBar_Drink_Beer,Latte,SaloonBar_Drink_Latte,Juice,SaloonBar_Drink_Juice,Tiki Bowl,SaloonBar_Drink_Tiki
2,Castle Beach,Castle Beach,CastleBeach,5,BeachWell,Well_01,null,Fill Bucket,Well_01_Full,Drop Bucket,Well_01_DropBucket,Poison The Well,Well_01_Poison,Burn it down,Well_01_SetOnFire
2,Castle Beach,Castle Beach,CastleBeach,6,Weapon Rack,WeaponsRack_Axe (2),null,Take Handaxe,WeaponsRack_Axe,Take Sword,WeaponsRack_Sword,Take Mace,WeaponsRack_Mace,Take Morning Star,WeaponsRack_MorningStar
2,Castle Beach,Castle Beach,CastleBeach,7,Bush,CampBush_BerryA,null,Raspberry,CampBush_BerryA,Blueberry,CampBush_BerryB,Flower,CampBush_Flower,Poison Ivy,CampBush_Ivy (1) 1
2,Castle Beach,Castle Beach,CastleBeach,8,Trough,Saloon_Trough_Drink,null,Empty,Saloon_Trough_Empty,Drink,Saloon_Trough_Drink,Poison,Saloon_Trough_Poison,Fill With Hay,Saloon_Trough_Hay
2,Castle Beach,Castle Beach,CastleBeach,9,Choose Your King,King_Grp,null,King Cat,King_Cat,King Yetti,King_Yetti,King Egg,King_Egg,King Rabbit,King_Rabbit
2,Castle Beach,Castle Beach,CastleBeach,10,Choose Banner,GameObject,null,Red,FlagGeo (4),Blue,FlagGeo (2),Green,FlagGeo (3),Purple,FlagGeo (1)
2,Castle Beach,Castle Beach,CastleBeach,11,Choose Tree,Tree,null,Dead,Tree_Dead,Red,Tree_Aspen_Red,Orange,Tree_Aspen_Orange,Yellow,Tree_Aspen_Yellow
2,Castle Beach,Castle Beach,CastleBeach,12,Library,book_library,null,Read a Red Book,book_open_red,Read a Blue Book,book_open_blue,Read a Green Book,book_open_green,Read a Yellow Book,book_open_yellow
2,Castle Beach,Castle Beach,CastleBeach,13,TentCover,Tent Cover,null,Color Red,Tent Cover (1),Color Black,Tent Cover (2),Color Blue,Tent Cover (3),Color Green,Tent Cover (4)
2,Castle Beach,Castle Beach,CastleBeach,14,Camp Gang,CampGangNPCs,null,Usual Crew,SaloonNPC_PokerPlayers_Dandy 1,The dogs,SaloonNPC_PokerPlayers_Dog 1,HipHop Crew,SaloonNPC_PokerPlayers_Hiphop 1,Western Gang,SaloonNPC_PokerPlayers_Western 1
2,Castle Beach,Castle Beach,CastleBeach,15,Cook Food,FirePitChicken,null,Cook Chicken,FirePitChicken 1,Cook Egg,FirePitEgg 1,Cook Fish,FirePitFish 1,Cook Soup,FirePitSoup 1
3,ArabianDay,Desert,ArabianDay,0,Cat,Cat,BodegaPet_CatBlue,Pet cat,BodegaPet_CatBlue,Feed cat,BodegaPet_CatOrange,Get eaten by cat,Green_cat,Run from cat,White_cat
3,ArabianDay,Desert,ArabianDay,1,Choose Weapon,SaloonWeapon_Cutlass,SaloonWeapon_Cutlass,Cutlass,SaloonWeapon_Cutlass,Mace,SaloonWeapon_Mace,RayGun,SaloonWeapon_RayGun,Revolver,SaloonWeapon_Revolver
3,ArabianDay,Desert,ArabianDay,2,Chicken,ChickenGrp,ChickenGrpDefault,Pet Chicken,ChickenGrpPet,Collect Egg,ChickenGrpTake1,Collect All Eggs,ChickenGrpTake2,Throw Eggs,ChickenGrpThrow
3,ArabianDay,Desert,ArabianDay,3,Bird Cage,Aladdin_BIrd,Aladdin_BIrd_cage_None,Bird Bath,Aladdin_BIrd_Bath,Bird Cage,Aladdin_BIrd_cage,Leave Alone,Aladdin_BIrd_cage_None,Elegant,Aladdin_BIrd_Elegant
3,ArabianDay,Desert,ArabianDay,4,Choose food,Arabian_Barrel_Banana,Arabian_Barrel_Apples,Fish,Arabian_Barrel_Banana 2,Apples,Arabian_Barrel_Apples,Snakes,Arabian_Barrel_Banana 3,Bananas,Arabian_Barrel_Banana 4
3,ArabianDay,Desert,ArabianDay,5,Crystal,CrystalBlue,CrystalBlue,Water crystal,CrystalBlue,Fire crystal,CrystalRed,Earth crystal,CrystalYellow,Wind crystal,CrystalPurple
3,ArabianDay,Desert,ArabianDay,6,Flute,Flute,Flute_Default,Play Energetic Song,Flute_Song1,Play Mellow Song,Flute_Song2,Play Mysterious Song,Flute_Song3,Play Harsh Song,Flute_Song4
3,ArabianDay,Desert,ArabianDay,7,Fruit,BagOfFruit,BagOfFruit_Default,Fill With Green Apples,BagOfFruit3,Fill With All Apples,BagOfFruit1,Fill With Red Apples,BagOfFruit2,Fill With Yellow Apples,BagOfFruit4
3,ArabianDay,Desert,ArabianDay,8,What'll you buy?,Arabian_lady,Arabian_lady_Default,Buy Macarons,Arabian_lady_macaron,Buy Monkey,Arabian_lady_monkey,Buy Fresh Fish,Arabian_lady_fish,Buy Fruit Bonanza,Arabian_lady_Fruit
3,ArabianDay,Desert,ArabianDay,9,Rooftop Plant,Plant_int,Arabian_palm_tree,Cactus,Arabian_cactus,Shrub,Arabian_shrub,Pine tree,Arabian_pine_tree,Palm tree,Arabian_palm_tree
3,ArabianDay,Desert,ArabianDay,10,Open Chest,Pirate_Chest,null,Bones,Pirate_Chest_Bones,Fruit,Pirate_Chest_Fruit,Gold,Pirate_Chest_Gold,Tuna,Pirate_Chest_Tuna
3,ArabianDay,Desert,ArabianDay,11,Lamp,GenieLamp,GenieLamp_Default,Clean,GenieLampClean,Inspect,GenieLampInspect,Take,GenieLampTake,Leave Alone,GenieLampLeave
3,ArabianDay,Desert,ArabianDay,12,Change Rug Color,Rug,Rug_Purple,Blue Rug,Rug_Blue,Purple Rug,Rug_Purple,Red Rug,Rug_Red,Yellow Rug,Rug_Yellow
3,ArabianDay,Desert,ArabianDay,13,Night Stand,NightStand,NightStand,Open Sugar Drawer,NightStand (1),Open Rope Drawer,NightStand (2),Open Weird Drawer,NightStand (3),Open Bread Drawer,NightStand (4)
3,ArabianDay,Desert,ArabianDay,14,Chicken Dinner,ChickenDinner,ChickenDinner_Default,Red Chicken,ChickenDinnerAction1,Blue Chicken,ChickenDinnerAction2,Green Chicken,ChickenDinnerAction3,Yellow Chicken,ChickenDinnerAction4
3,ArabianDay,Desert,ArabianDay,15,Cast Magic,Broom_Sweeping,Broom_Default,Sweeping,Broom_Sweeping,Floating,Broom_Floating,Upgrade to Vacuum,Broom_Vacuum,Broken,Broom_Broken
4,Dino Park,Dino Park,DinoSafari,0,Captured Dino,CaptureDino,null,Capture Raptor,DinoRaptor_Capture,Pet Raptor,DinoRide_Raptor_PetVar,Free Raptor,DinoRide_Raptor_Free,Feed Raptor,DinoRide_Raptor FeedVar
4,Dino Park,Dino Park,DinoSafari,1,Picnic,CampPicnic_Cheese,null,Jello,CampPicnic_Jello,Grapes,CampPicnic_Grapes,Cheese,CampPicnic_Cheese,Champagne,CampPicnic_Champagne
4,Dino Park,Dino Park,DinoSafari,2,Ride A Dino,DinoRide_Ankylosaurus,null,Pterodactyl,DinoRide_Pterosaur,Raptor,DinoRide_Raptor 1,Ankylosaurus,DinoRide_Ankylosaurus,Brachiosaurus,DinoRide_Brachiosaurus
4,Dino Park,Dino Park,DinoSafari,3,Tourists,DinoTourist_Paleontologist,null,Dogs,DinoTourist_Dogs,Girl Scouts,DinoTourist_GirlScouts,Cowboys,DinoTourist_Cowboys,Paleontologists,DinoTourist_Paleontologist
4,Dino Park,Dino Park,DinoSafari,4,Dig Site,Dino_Dig_TriceraBone,null,Triceratops Skull,Dino_Dig_TriceraBone,Alien Artifact,Dig_Site_Alien_Artifact,Trophy,Dig_Site_Stanley_Cup,Potatos,Dig_Site_Potato_Group
4,Dino Park,Dino Park,DinoSafari,5,Dino Tent,Dino_Table,null,Examine Fossil,DinoTent_FossilExamine,Clean Fossil,DinoTent_FossilBones,Steal Fossil,DinoTent_Steal,Extract Fossil,DinoTent_FossilExtract
4,Dino Park,Dino Park,DinoSafari,6,Rock Painting,Dino_Rock_Horse,null,Horse,RockPainting_Horse,Tic-Tac-Toe,RockPainting_TicTacToe,Graffiti,RockPainting_Graffiti,Hand Print,RockPainting_Turkey
4,Dino Park,Dino Park,DinoSafari,7,Car,CampCar_Jeep 1,null,Station Wagon,CampCar_Station,Pickup,CampCar_Truck,Jeep,CampCar_Jeep,Camper,CampCar_Camper
4,Dino Park,Dino Park,DinoSafari,8,Tyrannosaurus Rex,DinoTrex,null,Kaiju Roar,null,Honking,null,Growl,null,Cockadoodledoo,null
4,Dino Park,Dino Park,DinoSafari,9,Caveman Exhibit,Caveman_Hunting,null,Alien Exhibit,Caveman_Aliens,Cow Exhibit,Caveman_Cow,Pirate Exhibit,Caveman_Pirates,Neanderthal Exhibit,Caveman_Hunting
4,Dino Park,Dino Park,DinoSafari,10,Chaos Theorist,Dino_NPC_Jeff,null,""Life Finds A Way"",Dino_NPC_Jeff_DNA_Var,""A Toast to the end!"",Dino_NPC_Jeff_Champagne_Var,""That's one big pile of caca."",Dino_NPC_Jeff_DinoCaca_Var,""Knots make great gifts!"",Dino_NPC_Jeff_Knots_Var 1
4,Dino Park,Dino Park,DinoSafari,11,Ice Age Exhibit,Dino_Exhibit_Curtain,null,Reveal Yeti,Dino_Exhibit_Yeti,Reveal Alien,Dino_Exhibit_Alien,Reveal Giant Sugar Cube,Dino_Exhibit_Sugar,Reveal Horse,Dino_Exhibit_Horse
4,Dino Park,Dino Park,DinoSafari,12,Dino Egg,DinoNestEgg,null,Speckled Egg,DinoNestEgg_Speckled,White Egg,DinoNestEgg_White,Dark Egg,DinoNestEgg_Dark,Blue Egg,DinoNestEgg_Blue
4,Dino Park,Dino Park,DinoSafari,13,Feed Baby Dino,DinoBaby_Base,null,Spaghetti,DinoBaby_FeedSpaghetti,Steak,DinoBaby_FeedSteak,Cake,DinoBaby_FeedCake,Banana,DinoBaby_FeedBanana
4,Dino Park,Dino Park,DinoSafari,14,Feathers,DinoFeather_Blue,null,Red,DinoFeather_Red,Indigo,DinoFeather_Indigo,Yellow,DinoFeather_Yellow,Blue,DinoFeather_Blue
4,Dino Park,Dino Park,DinoSafari,15,Pterosaur,DinoPterosaur_Music,null,Banjo,DinoPterosaur_Music,Romanza,DinoPterosaur_Music,Ukulele,DinoPterosaur_Music,Screeching,DinoRide_Pterosaur
5,Farmlands,Farm,Farm,0,Big Momma,ChickenGrp,null,Pet Chicken,Farm_ChickenGrpPet,Collect Egg,Farm_ChickenGrpTake,Collect All Eggs,Farm_ChickenGrpTake_2,Throw Eggs,Farm_ChickenGrpThrow
5,Farmlands,Farm,Farm,1,Record Player,CampMusic_Record,null,Doom Metal,CampMusic_Record,Indie Folk,CampMusic_Record,Flamenco,CampMusic_Record,Soul RnB,CampMusic_Record
5,Farmlands,Farm,Farm,2,Crops,Crops,null,Harvest Corn,Crops_Corn_Action_HarvestCorn,Sow and Till ,Crops_Corn_Action_TilledGround,Grow Wheat,Crops_Corn_Action_GrowWheat,Make a Corn Maze,Crops_Corn_Action_CornMaze
5,Farmlands,Farm,Farm,3,Tractor,Tractor,null,Fix Engine,Tractor_Action_FixEngine,Goat Crossing,Tractor_Action_GoatCrossing,Load Hay,Tractor_Action_LoadHay,Paint Red,Tractor_Action_PaintRed
5,Farmlands,Farm,Farm,4,Gary the Horse,farm_horse,null,Put Saddle On,Farm_Horse_Saddle_Var,Brush Coat,Farm_Horse_Brush_Var,Put Blanket On ,Farm_Horse_Blanket,Give Haircut,Farm_Horse_Mohawk_Var
5,Farmlands,Farm,Farm,5,Cow,Cows,null,Tip Cow,Cows_TipVar,Dinosaur Herd,Cows_DinoVar,Monkey Herd,Cows_MonkeyVar,Ahh!!! Aliens!,Cows_AlienVar
5,Farmlands,Farm,Farm,6,Car,CampCar_Station,null,Station Wagon,CampCar_Station,Pickup,CampCar_Truck,Jeep,CampCar_Jeep,Camper,CampCar_Camper
5,Farmlands,Farm,Farm,7,Spider's Web,SpiderWeb_Words,null, Some Pig,Spiderweb_Words_Actions_SomePig,Some Farm,Spiderweb_Words_Actions_SomeFarm,Terrific,Spiderweb_Words_Actions_Terrific,Word,Spiderweb_Words
5,Farmlands,Farm,Farm,8,Buy a Pet,PetVendor,null,Fox,PetVendor_ActionFox,Dog,PetVendor_ActionDog,Cat,PetVendor_ActionCat,Penguin,PetVendor_ActionPenguin
5,Farmlands,Farm,Farm,9,Paint Barn,barn,null,Paint Blue,Barn_Blue,Paint Purple,Barn_Purple,Paint Yellow,Barn_Yellow,Paint Red,Barn_red
5,Farmlands,Farm,Farm,10,Apple Tree,AppleTree,null,Dig for Treasure,Apple_Tree_Action_DigForTreasure,Kick Tree,Apple_Tree_Action_KickTree,Have a Picnic,Apple_Tree_Action_Picnic,Set Up SwingSet,Apple_Tree_Action_HangSwing
5,Farmlands,Farm,Farm,11,Set Up ScareCrow,ScareCrow,null,Straw Scarecrow,ScareCrow_Straw,Big Foot Scarecrow,ScareCrow_BigFoot,Bear Scarecrow,ScareCrow_Bear,Clown Scarecrow,ScareCrow_Clown
5,Farmlands,Farm,Farm,12,Bush,CampBush_BerryA,null,Raspberry,CampBush_BerryA,Blueberry,CampBush_BerryB,Flower,CampBush_Flower,Poison Ivy,CampBush_Ivy (1) 1
5,Farmlands,Farm,Farm,13,Sheep,Sheep,Sheep_Base,Herd the Sheep,Sheep_Action_Herd,Cry Wolf ... err Fox,Sheep_Action_Fox,Pet a Sheep,Sheep_Base,Feed the Sheep,Sheep_Action_Feed
5,Farmlands,Farm,Farm,14,Feed Piglets,PigFood,null,Apples,TEMP_PigFood_Apples,Steak,TEMP_PigFood_Steak,Fancy Tart,TEMP_PigFood_Tart,Corn,TEMP_PigFood_Corn
5,Farmlands,Farm,Farm,15,Gift for Yeti,Gift_Int,null,Book,CampYeti_Book,Fishing Rod,CampYeti_FishingRod,Tomato Juice,CampYeti_Tomato,Sun Screen,CampYeti_Sunreflector
6,Haunted House,Ghost House,HauntedHouse,0,Change Rugs,Rug_Interactable,Rug_Grp_Common,Rug 1,Rug_Grp_01,Rug 2,Rug_Grp_02,Rug 3,Rug_Grp_03,Rug 4,Rug_Grp_04
6,Haunted House,Ghost House,HauntedHouse,1,Choose TV Station,TV_Interactable,HH_TVSet_Idle,Offline,HH_TVSet_Offline,Portal,HH_TVSet_Portal,Scary Movie,HH_TVSet_ScaryMovie,Static,HH_TVSet_Static
6,Haunted House,Ghost House,HauntedHouse,2,Hang Painting,Picture_Interactable,Picture_Default,Head Of Skeleton,Picture_Grp_HeadOfSkeleton,Mona Lisa,Picture_Grp_MonaLisa,Munch's Scream,Picture_Grp_Munch'sScream,Poker Players,Picture_Grp_PokerPlayers
6,Haunted House,Ghost House,HauntedHouse,3,Pick Skull,Skull_Interactable,HH_Skull_Default,Flaming Skull,HH_Skull_Flame,Haunted Skull,HH_Skull_Haunted,Launging Skull,HH_Skull_Laughing,Screaming Skull,HH_Skull_Screaming
6,Haunted House,Ghost House,HauntedHouse,4,Pick urn to throw in,FirePlace_Interactable,null,Throw Uncle Fred's Ashes,Fireplace_FlamesFredDurst,Throw Grandma's Ashes,Fireplace_FlamesGrandma,Throw Henry III's Ashes,Fireplace_FlamesHenrylll,Throw Luis II's Ashes,Fireplace_FlamesLuisll
6,Haunted House,Ghost House,HauntedHouse,5,LightSource,LightSource_Interactable,LightSource_Default,Flare,LightSource_Flare,FlashLight,LightSource_Flashlight,GlowStick,LightSource_Glowstick,Lantern,LightSource_Lantern
6,Haunted House,Ghost House,HauntedHouse,6,Choose Head Mount,TrophyHead_Interactable,HH_Mount_Base,Bear Mount,HH_Mount_Bear,Jackalope Mount,HH_Mount_Jackalope,Frankenstein Mount,HH_Mount_Frankenstein,Dragon Mount,HH_Mount_DragonBrute
6,Haunted House,Ghost House,HauntedHouse,7,Candles,Candles_Interactable,HH_CandleStand_Normal,Blue,CandleGrp_Blue,Green,CandleGrp_Green,Normal,CandleGrp_Normal,Magenta,CandleGrp_Pink
6,Haunted House,Ghost House,HauntedHouse,8,Make Drink,DrinkCabinet_Interactable,HH_DrinkCabinet,Five Finger Punch,HH_DrinkCabinet_Finger,Eyeball Sipper,HH_DrinkCabinet_Martini,Twilight Fountain,HH_DrinkCabinet_Twilight,Brain Cooler,HH_DrinkCabinet_Brain
6,Haunted House,Ghost House,HauntedHouse,9,Knight,Knight_Interactable,KnightArmor_Default,Axe,KnightArmor_Axe,LongSword,KnightArmor_LongSword,Mace,KnightArmor_Mace,Rapier,KnightArmor_Rapier
6,Haunted House,Ghost House,HauntedHouse,10,Choose Couch,Couch_Interactable,HH_Couchs_Default,Crappy Couch,HH_Couchs_Crappy,Leather Couch,HH_Couchs_Leather,Modern Couch,HH_Couchs_Modern,Victorian Couch,HH_Couchs_Victorian
6,Haunted House,Ghost House,HauntedHouse,11,Speak to ghost,Ghost_Interactable,HH_NPC_Ghost,""Hi I'm Maisie!"",HH_Ghost_WaveHi_Var,""Time to eat!"",HH_Ghost_EatHuman_Var,""Possession is what I do!"",HH_Ghost_Possess_Var,... (They're shy!),HH_Ghost_Shy_Var
6,Haunted House,Ghost House,HauntedHouse,12,Check Suitcase,SuitCase_Interactable,SuitCase_Default,Suitcase full of chickens,SuitCase_Chicken,Suitcase with clothes,SuitCase_Cloths,Suitcase with a suprise,SuitCase_Confetti,Spooky Suitcase,SuitCase_Ghosts
6,Haunted House,Ghost House,HauntedHouse,13,Pumpkins,Pumpkin_Interactable,PumpkinGrp,Smash Blue,PumpkinGrp_Blue,Smash Orange,PumpkinGrp_Orange,Smash Pink,PumpkinGrp_Pink,Smash Red,PumpkinGrp_Red
6,Haunted House,Ghost House,HauntedHouse,14,Spider,Spider_Interactable,SpiderGrp_Default,Feed Spider,SpiderGrp_FeedSpider,Kill it with fire,SpiderGrp_KillItWithFire,Walk Away...,SpiderGrp_WalkAway,Shoo Spider away,SpiderGrpShooSpiderAway
6,Haunted House,Ghost House,HauntedHouse,15,Piano,Piano_Interactable,HH_Piano_Default,Black,HH_Piano_Black,Gold,HH_Piano_Gold,Pink,HH_Piano_Pink,Red,HH_Piano_Red
7,Sports Lounge,Gym,Sports,0,TV,TV_FlatScreen_2,null,Curved TV,TV_Curve,Flat Screen,TV_FlatScreen_2,Old CRT,TV_Old,DLP,TV_DLP
7,Sports Lounge,Gym,Sports,1,Red Boxer,NPC_RedBoxer,null,Uppercut,Sports_BoxerRed_UpperCut_Var,Jab,Sports_BoxerRed_Jab_Var,Right Hook,Sports_BoxerRed_Hook_Var,Throw in Towel,Sports_BoxerRed_OnPost_Var
7,Sports Lounge,Gym,Sports,2,Trophy,StanleyCup,null,Stanley Cup,null,Larry O'Brien Championship,null,Vince Lombardi,null,World Series,null
7,Sports Lounge,Gym,Sports,3,Helmet,Hockey Helmet,null,Hockey Helmet,Hockey Helmet,Football Helmet,football_helmet,Baseball Helmet,baseball_helmet,Headband,headband
7,Sports Lounge,Gym,Sports,4,Sports Table,foosball_Hockey_2,null,Play Foosball,Foosball_Table,Play Pool,Pool_Table,Play Air Hockey,foosball_Hockey_2,Play Ping Pong,Ping_Pong_Table
7,Sports Lounge,Gym,Sports,5,Punching Bag,PunchingBagGrp,null,Setup Red Bag,PunchingBag_Red,Setup Blue Bag,PunchingBag_Blue,Setup Black Bag,PunchingBag_Black,Setup Green Bag,PunchingBag_Green
7,Sports Lounge,Gym,Sports,6,Poster,Poster,null,Hockey Poster,null,Basketball Poster,null,Soccer Poster,null,Football Poster,null
7,Sports Lounge,Gym,Sports,7,Drink,Drink_PreWorkOut,null,Drink Protein Shake,Drink_PreWorkOut,Drink Smoothie,Drink_Smoothie,Drink Water,Drink_Water_2,Take A Load Off,Drink_Beer
7,Sports Lounge,Gym,Sports,8,Ball Display,HockeyPuck,null,Football,FootBall_2,Hockey Puck,HockeyPuck,Basketball,BasketBall_2,Baseball,Baseball_2
7,Sports Lounge,Gym,Sports,9,Workout,NPC_PowerLifter,null,Light Weights,Sports_Squats_LightWeights_Var,Heavy Weights,Sports_Squats_HeavyWeight_Var,Break the Record,Sports_Squats_WorldWeight_Var,Struggle,Sports_Squats_Struggle_Var
7,Sports Lounge,Gym,Sports,10,Sports Jersey,Jersey_Hockey,null,Soccer Jersey,Jersey_Soccer,Hockey Jersey,Jersey_Hockey,Basketball Jersey,Jersey_Basketball,Football Jersey,Jersey_Football
7,Sports Lounge,Gym,Sports,11,Blue Boxer,NPCBase_Dark02,null,Tap In Yeti,CampCryptid_Yeti,Tap In Dog,NPC_Dog_01,Tap In Penguin,farm_cute_penguin,Tap In Cat,NPCCat_White
7,Sports Lounge,Gym,Sports,12,Sports Training,Goals_Hockey,null,Basketball,GoalsBasketball,Football ,GoalsFootball,Soccer,GoalsSoccer,Hockey ,Goals_Hockey
7,Sports Lounge,Gym,Sports,13,Gym Bros,GymBros_Base,null,""Get that cardio up!"",GymBros_JumpingJacks_Var,""Try some crunches!"",GymBros_Crunches_Var,""Do you even lift bro?!"",GymBros_BicepCurl Var,""Chest Press for Great Pecs!"",GymBros_ChestPress_Var
7,Sports Lounge,Gym,Sports,14,Banner,Banner_Skull,null,Team Skulls,Banner_Skull,Team Racoon,Banner_Racoon,Team Lion,Banner_Lion,Team Soccer,Banner_Soccer
7,Sports Lounge,Gym,Sports,15,Character Swap,NPC's,null,Yoga Chicks,NPC's,Bald Guys,NPC's 1,Dogs,NPC's 2,Cowboys,NPC's 3
8,Apartment,Apartment,Apartment,0,Table Lamp,Lamp_Interactable,Apt_Lamp_Default,Leg Lamp,Apt_Lamp_LegLamp,Neon Sign,Apt_Lamp_NeonSign,Paper Lamp,Apt_Lamp_PaperLamp,Puffer Fish,Apt_Lamp_Pufferfish
8,Apartment,Apartment,Apartment,1,House Plant,HousePlantInteractable,Apt_Plant_Base,Neglected Plant,Apt_Plant_Dead,Fern,Apt_Plant_Fern,Orchid,Apt_Plant_Orcid,Sunflower,Apt_Plant_Sunflower
8,Apartment,Apartment,Apartment,2,Afternoon Drink,Drinks_Interactable,Apt_Drinks_Default,Black Tea,Apt_Drinks_BlackTea,Cooler,Apt_Drinks_Cooler,Kale Shake,Apt_Drinks_KaleShake,Pink Lemonade,Apt_Drinks_PinkLemonade
8,Apartment,Apartment,Apartment,3,Midday Snack,Food_Interactable,Apt_Food_Default,Pork Buns,Apt_Food_Porkbuns,Steak,Apt_Food_Steak,Strawberry Cake,Apt_Food_StrawberryCake,Vanilla Parfait,Apt_Food_VannilaParfait
8,Apartment,Apartment,Apartment,4,Check Outside,Window_Interactable,Apt_Window_Default,Bird Crash,Apt_Window_Bird,Flying Saucer,Apt_Window_FlyingSaucer,Tree,Apt_Window_Tree,Zombie,Apt_Window_Zombie
8,Apartment,Apartment,Apartment,5,Family Photo,FamilyPicture_Interactable,Apt_PictureFrames_Default,Family Cat Photo,Apt_PictureFrames_Cat,Old Family Portrait,Apt_PictureFrames_Classic,Family Photo,Apt_PictureFrames_Family,Spooky Photo,Apt_PictureFrames_Ghost
8,Apartment,Apartment,Apartment,6,Seasonal Decor,Interactable_SeasonalDecor,Apt_HolidayDecor_Default,Beach Day,Apt_HolidayDecor_BeachDays,Fall,Apt_HolidayDecor_Fall,New Years,Apt_HolidayDecor_NewYears,Valentines,Apt_HolidayDecor_Valentines
8,Apartment,Apartment,Apartment,7,House Guest,Guest_Interactable,Apt_Guest_Base,Friend,Apt_Guest_FriendPie,Pizza Delivery,Apt_Guest_Pizza Var,House Burglar,Apt_Guest_Burglar Var,Box of Kittens,Apt_Guest_Kitten Var
8,Apartment,Apartment,Apartment,8,Pet,Pet_Interactable,Apt_Pet_FoodBowl_Base,Goldfish,APT_Pet_Fish,Frog,APT_Pet_Frog,Mutant Spider,APT_Pet_AlienSpider,Ghost Dog,APT_Pet_GhostDog
8,Apartment,Apartment,Apartment,9,Hat Rack,HatRack_Interactable,Apt_HatRack_Base,Cheese Head Hat,Apt_HatRack_Cheese Var,Fruit Hat,Apt_HatRack_FruitHat Var,Spinner Hat,Apt_HatRack_Spinner Var,Fancy Top Hat,Apt_HatRack_TopHat Var
8,Apartment,Apartment,Apartment,10,Look into Mirror,Mirror_Interactables,Apt_StandingMirror,See Clown,Apt_StandingMirror_Clown,Crack mirror,Apt_StandingMirror_Cracked,Floating head,Apt_StandingMirror_FloatingHead,See the Galaxy,Apt_StandingMirror_Galaxy
8,Apartment,Apartment,Apartment,11,Choose Bed,Bed_Interactable,Apt_BedNormal,Coffin,Apt_BedCoffin,Hammock,Apt_BedHammock,Pillow Fort,Apt_BedPillowFort,Water Bed,Apt_BedWaterBed
8,Apartment,Apartment,Apartment,12,Fridge,Fridge_Interactable,null,Lots of Food Fridge,Apt_Fridge_LotsofFood,Icy Fridge,Apt_Fridge_Ice,Rotten Fridge,Apt_Fridge_Rotten,Tentacle Attack,Apt_Fridge_Tentacle
8,Apartment,Apartment,Apartment,13,Bathtub,BathTub_Interactable,Apt_Bathtub,Acid Bath,Apt_Bathtub_Acid,BathBomb,Apt_Bathtub_Bathbomb,Drain Tub,Apt_Bathtub_Ducky,Romantic Bath,Apt_Bathtub_Romatic
8,Apartment,Apartment,Apartment,14,Television,TV_Interactable,Apt_TV_Base,Commercial,Apt_TV_Commercial,Video Game,Apt_TV_Games,Soccer,Apt_TV_Soccer,Broken TV,Apt_TV_Broken
8,Apartment,Apartment,Apartment,15,Paint Walls,PaintWalls_Interactable,Apt_PaintedWalls_Default,Grunge,Apt_PaintedWalls_Grunge,Painted,Apt_PaintedWalls_Painted,Pinstripe,Apt_PaintedWalls_PinStripe,Tacky,Apt_PaintedWalls_Tacky
9,Lab,Lab,Lab_ISO,0,Chalk Board,Interactable_ChalkBoard,Lab_ChalkBoard,Creature Experiments,Lab_ChalkBoard_Creature,Magnetic Attraction,Lab_ChalkBoard_Magnetic,Utter Madness,Lab_ChalkBoard_Raving,Rocket,Lab_ChalkBoard_Rocket
9,Lab,Lab,Lab_ISO,1,Cryogenic Experiment,Cryopod_Interactable,Lab_Cryopod_Default,Extend Timer,Lab_Cryopod_Extend,Open pods,Lab_Cryopod_Open,Begin thawing,Lab_Cryopod_Thaw,Use Test Subject,Lab_Cryopod_People
9,Lab,Lab,Lab_ISO,2,Research,Interactable_ResearchComputer,Lab_ComputerStation_Default,Chemistry,Lab_ComputerStation_Chemestry,Lysergic Acid Diethylamide ,Lab_ComputerStation_LSD,Thermodynamics,Lab_ComputerStation_Thermodynamics,Depression ,Lab_ComputerStation_Depression
9,Lab,Lab,Lab_ISO,3,Look At Microscope,Interactable_Microscope,Lab_microscope_Default,Penicillin,Lab_microscope_Blue,Artic Algae ,Lab_microscope_Green,Virus,Lab_microscope_Red,Prehistoric DNA,Lab_microscope_Yellow
9,Lab,Lab,Lab_ISO,4,Plant experiment,Interactable_PlantExperiment,Lab_Plants_Default,Water plant,Lab_Plants_Water,Give fertilizer,Lab_Plants_Fertalizer,Give DNA injection,Lab_Plants_DNA,UV Light,Lab_Plants_UV
9,Lab,Lab,Lab_ISO,5,Lab Egg,Interactable_LabEgg,Lab_Egg_Default,Ostritch Egg,Lab_Egg_Ostritch,Mutant Egg,Lab_Egg_Mutant,Dinosaur Egg,Lab_Egg_YoshiEgg,Radioactive Egg,Lab_Egg_Radioactive
9,Lab,Lab,Lab_ISO,6,Generator,Interactable_Generator,Lab_Generator_Default,Electric,Lab_Generator_Electric,Hamster,Lab_Generator_Hamster,Nuclear,Lab_Generator_Nuclear,Star,Lab_Generator_Star
9,Lab,Lab,Lab_ISO,7,Inspect Morph Tube,Lab_Interactable_MorphTube,Lab_MorphTube_CellClump,Toad,Lab_MorphTube_Frog,Raptor,Lab_MorphTube_Raptor,Goo Guy,Lab_MorphTube_GooGuy,Yeti,Lab_MorphTube_Yeti
9,Lab,Lab,Lab_ISO,8,Kids Experiment,Interactable_KidsExperiment,Lab_KidsExperiment_Trifold,Moldy Bread,Lab_KidsExperiment_Bread,Potato Light Bulb,Lab_KidsExperiment_Potato,Rocket,Lab_KidsExperiment_Rocket,Volcano,Lab_KidsExperiment_Volcano
9,Lab,Lab,Lab_ISO,9,Desk Junk,Interactable_DeskJunk,Lab_DeskJunk_Default,Research Binders,Lab_Desk_Binders,Dipper Bird Toy,Lab_Desk_Dipper,Einstein Autograph,Lab_Desk_Einstein,Nobel Prize,Lab_Desk_Nobel
9,Lab,Lab,Lab_ISO,10,Biofuel Generator,Lab_BioFuelGenerator_Interatable,Lab_BioFuelGen_Default,Increase Heat,Lab_BioFuelGen_IncreaseHeat,Increase Pressure,Lab_BioFuelGen_IncreasePressure,Open Valve,Lab_BioFuelGen_OpenValve,Simmer,Lab_BioFuelGen_Simmer
9,Lab,Lab,Lab_ISO,11,Head In Jar,Interactable_HeadInJar,Lab_HeadInJar__Default,Brain,Lab_HeadInJar_Brain,Caveman,Lab_HeadInJar_Caveman,Queen Marie Antoinette,Lab_HeadInJar_Marie,President Abe Lincoln,Lab_HeadInJar_Abe
9,Lab,Lab,Lab_ISO,12,Spider Experiment,Interactable_SpiderExperiment,Lab_Spider,Irradiate Spider,Lab_Spider_Nuclear,Domesticate Spider,Lab_Spider_Cute,Spider Pig,Lab_Spider_Pig,Inject Chemical X,Lab_Spider_Venomous
9,Lab,Lab,Lab_ISO,13,Lab Monkey,Interactable_LabMonkey,null,Fruit Hat,Lab_Monkey_Fruit,BaseBall Hat,Lab_Monkey_BBCap,Sombrero Hat,Lab_Monkey_Sombrero,Western Hat,Lab_Monkey_Western
9,Lab,Lab,Lab_ISO,14,Lab Assistant,Interactable_LabAssistant,Lab_LabAsst_Sign,Herman the Gorilla,Lab_LabAsst_Gorilla,Igor the Human,Lab_LabAsst_Igor,IGG-E the Robot,Lab_LabAsst_IGGE,Invisible Man,Lab_LabAsst_InvisibleMan
9,Lab,Lab,Lab_ISO,15,Neon Light Tubes,Interactable_NeonTube,Lab_NeonTubes_Default,Argon,Lab_NeonTubes_Argon,Helium,Lab_NeonTubes_Helium,Mercury,Lab_NeonTubes_Mercury,Neon,Lab_NeonTubes_Neon
10,Wizard's Tower,Magic Tower,SorcererTower,0,Feed Baby Dino,DragonBaby_Base,null,Beefy Steak,DragonBaby_Big Var,Birthday Cake,DragonBaby_Fat Var,Poison Mushroom,DragonBaby_Sick Var,Hot Pepper,DragonBaby_Spicy Var
10,Wizard's Tower,Magic Tower,SorcererTower,1,Sorcerer,ST_NPC_Witch,null,Old Wizard,NPSorcerer_Wizard,Genie,NPSorcerer_Genie,Witch in Training,NPCSorcerer_Witch,Mr. Kittenklaus,NPCSorcerer_Cat
10,Wizard's Tower,Magic Tower,SorcererTower,2,Spell Book,ST_SpellBookGrp,null,""Aquario!"",ST_SpellBookGrp_Blue,""Minterion!"",ST_SpellBookGrp_Green,""Sanguino!"",ST_SpellBookGrp_Red,""Oro!"",ST_SpellBookGrp_Yellow
10,Wizard's Tower,Magic Tower,SorcererTower,3,Choose Wall,ST_StainedGlass_01,null,Emerald Duo,ST_StainedGlass_01,Mosaic Arch,ST_StainedGlass_02,Rosy Glass,ST_StainedGlass_03,Dawn Roundel,ST_StainedGlass_04
10,Wizard's Tower,Magic Tower,SorcererTower,4,Mortar and Pestle,ST_MortarPestle,null,Dog Bone,ST_MortarPestle_Bones,Royal Grapes,ST_MortarPestle_Grapes,Stinging Nettle,ST_MortarPestle_Nettle,Hardy Wheat,ST_MortarPestle_Wheat
10,Wizard's Tower,Magic Tower,SorcererTower,5,Choose Wand,Wand_Grp,null,Wand of Containment,Wand_Grp_Containment,Wand of Florance,Wand_Grp_Florance,Wand of Goop,Wand_Grp_Goop,Wand of Unliving,Wand_Grp_Unliving
10,Wizard's Tower,Magic Tower,SorcererTower,6,Loona the Witch,NPCWitch,null,""I'll get you my pretty!"",NPCWitch_Getcha_Var,""Begone, worm!"",NPCWitch_Shoo_Var,""Just dropping off hexes."",NPCWitch_Potion_Var,""Ehehehehe!"",NPCWitch_FlyAway_Var
10,Wizard's Tower,Magic Tower,SorcererTower,7,Peer into Crystal Ball,CrystalBall_Grp,null,Darkness,CrystalBall_Black,Glowing,CrystalBall_Glow,Empty ,CrystalBall_Clear,Chicken?,CrystalBall_Chicken
10,Wizard's Tower,Magic Tower,SorcererTower,8,Toad,NPC_Toad,null,Imprison Toad,ST_Toad_Cage_Var,Kiss Toad,ST_Toad_Kiss,Turn into Prince,ST_Toad_Crown,Turn Into Stone,ST_Toad_Stone
10,Wizard's Tower,Magic Tower,SorcererTower,9,Cast Floating Spell,FeatherGrp,null,Cast Spell On Red Feather,FeatherGrp_Red,Cast Spell On Yellow Feather,FeatherGrp_Yellow,Cast Spell On Blue Feather,FeatherGrp_Blue,Cast Spell On Green Feather,FeatherGrp_Green
10,Wizard's Tower,Magic Tower,SorcererTower,10,Send Letter,SendLetter_Owl,null,Via Raven,SendLetter_Raven,Via Spirit,SendLetter_Spirit,Via Owl,SendLetter_Owl,Via Laptop,SendLetter_Laptop
10,Wizard's Tower,Magic Tower,SorcererTower,11,Floating Candles,STCandle_Dynamite (1),null,Torches,STCandle_TorchVar,Spirit Orbs,STCandle_OrbVar,Ordinary Candles,STCandle_RegularVar,Dynamite,STCandle_Dynamite
10,Wizard's Tower,Magic Tower,SorcererTower,12,Wizards Hat,ST_Hat_Normal,null,Levitation Spell,ST_Hat_Levitate,Spawn Mouse,ST_Hat_Mouse,Giants Spell,ST_Hat_Shrink,Illuminate,ST_Hat_Illuminate
10,Wizard's Tower,Magic Tower,SorcererTower,13,Brew Potion,CauldronGroup,null,Mystical Hooch,CauldronGroup_Blue,Liquid Luck,CauldronGroup_Green,Vile Potion,CauldronGroup_Purple,Health Potion,CauldronGroup_Red
10,Wizard's Tower,Magic Tower,SorcererTower,14,Cast Magic,Broom_Base,null,Sweeping,Broom_Sweeping,Floating,Broom_Floating,Upgrade to Vacuum,Broom_Vacuum,Broken,Broom_Broken
10,Wizard's Tower,Magic Tower,SorcererTower,15,Elemental Shard,Crystal_Int_Grp_Water,null,Study Water,Crystal_Int_Grp_Water,Study Darkness,Crystal_Int_Grp_Darkness,Study Fire,Crystal_Int_Grp_Fire,Study Earth,Crystal_Int_Grp_Earth
11,Pirate's Island,Pirate Ship,PirateShip_Wreck,0,Drink,SaloonBar_Drink_Tiki (1),null,Beer,SaloonBar_Drink_Beer,Latte,SaloonBar_Drink_Latte,Juice,SaloonBar_Drink_Juice,Tiki Bowl,SaloonBar_Drink_Tiki
11,Pirate's Island,Pirate Ship,PirateShip_Wreck,1,Study Nemesis,Painting_Nemesis,null,Capn' Cujo,Painting_Cujo,Capn' Rum,Painting_Human,Capn' Beardy,Painting_Nemesis,Capn' Whale,Painting_Whale
11,Pirate's Island,Pirate Ship,PirateShip_Wreck,2,Ship Creature,ShipCreature,null,Beetle,ShipCreature_Beetle,Crab,ShipCreature_Crab,Mouse,ShipCreature_Mouse,Pigeon,ShipCreature_Pigeon
11,Pirate's Island,Pirate Ship,PirateShip_Wreck,3,Unhappy Hostage,CafeCustomer_Teen,null,Ghost,PirateHostage_Ghost 1,Pirate,PirateHostage_Pirate 1,Human,PirateHostage_Human 1,Child,PirateHostage_Teen 1
11,Pirate's Island,Pirate Ship,PirateShip_Wreck,4,OpenChest,Pirate_Chest,null,Bones,Pirate_Chest_Bones,Fruit,Pirate_Chest_Fruit,Gold,Pirate_Chest_Gold,Tuna,Pirate_Chest_Tuna
11,Pirate's Island,Pirate Ship,PirateShip_Wreck,5,Pirate Fight,PirateFight_Cutlass,PirateFight_Cutlass,Broadsword,PirateFight_Broadsword,Cutlass,PirateFight_Cutlass,Mace,PirateFight_Mace,Raygun,PirateFight_Raygun
11,Pirate's Island,Pirate Ship,PirateShip_Wreck,6,Choose a Shipmate,ChooseABird,null,Crow,Pirate_Shipmate_Raven,Owl,Pirate_Shipmate_Owl,Chicken,Pirate_Shipmate_Chicken,Parrot,Pirate_Shipmate_Parrot
11,Pirate's Island,Pirate Ship,PirateShip_Wreck,7,Lab Monkey,Lab_Monkey_BBCap,null,Fruit Hat,Lab_Monkey_Fruit,BaseBall Hat,Lab_Monkey_BBCap,Sombrero Hat,Lab_Monkey_Sombrero,Western Hat,Lab_Monkey_Western
11,Pirate's Island,Pirate Ship,PirateShip_Wreck,8,Choose Flag,PirateFlag_SkullNBones,null,Ghost,PirateFlag_Ghost,Skull N' Bones,PirateFlag_SkullNBones,Royal Navy,PirateFlag_Royal,Surrender ,PirateFlag_Surrender
11,Pirate's Island,Pirate Ship,PirateShip_Wreck,9,Sleeping Pirate,PirateNPC_Hammock,null,Doodle on Face,PirateNPC_TuckIn_Var 1,Take Bandana,PirateNPC_TakeBandanna,Tuck In,PirateNPC_TuckIn_Var,Yell to Wake Up,PirateNPC_WakeUp_Var
11,Pirate's Island,Pirate Ship,PirateShip_Wreck,10,Barrel o' Stuff,PirateBarrels,null,Limes,PirateBarrel_Limes,Iguana Stew,PirateBarrel_Stew,Pickled Eggs,PirateBarrel_Eggs,Rum,PirateBarrel_Rum
11,Pirate's Island,Pirate Ship,PirateShip_Wreck,11,Abandoned Armor,BeachArmor_Mace,null,Axe,BeachArmor_Axe,LongSword,BeachArmor_LongSword,Mace,BeachArmor_Mace,Rapier,BeachArmor_Rapier
11,Pirate's Island,Pirate Ship,PirateShip_Wreck,12,Spyglass,Telescope,null,Snow,TelescopeSnow Variant,Astronaut,TelescopeAstro Variant 1,Hamburger,TelescopeHamburger Variant,Octopus,TelescopeOcto Variant
11,Pirate's Island,Pirate Ship,PirateShip_Wreck,13,Talking Crab,NPC_Crab,null,""Where's the rum?"",Pirate_Crab_Grog,""Let's start a mutiny!"",Pirate_Crab_Mutiny,""Scram, ya scabby fish!"",Pirate_Crab_Hostile,""Hands off me sandwich!"",Pirate_Crab_Sandwiches
11,Pirate's Island,Pirate Ship,PirateShip_Wreck,14,Choose Cannon Ammo,Cannon_Cannonball,null,Bananas,PirateCannon_Bananas,CannonBall,PirateCannon_Cannonball,Cats,PirateCannon_Cat,Pirates,PirateCannon_Pirate
11,Pirate's Island,Pirate Ship,PirateShip_Wreck,15,Choose next destination,mapOption1,null,British Isles,mapOption_BritishIsles,Carribean Isles,mapOption_CarribeanIslands,Neverland,mapOption_Neverland,Secret Cove,mapOption_SecretCove
12,Nonna Restaurant,Restaurant,NonnaBIG_ISO,0,Dinner Guest,NonnaDinner_Plate,null,Spaghetti,NonnaFood_Spaghetti,Wine,NonnaFood_Wine,Fish,NonnaFood_Fish,Pizza,NonnaFood_Pizza
12,Nonna Restaurant,Restaurant,NonnaBIG_ISO,1,Baker,NonnaBaker_Baking,null,Sleeping baker,NonnaBaker_Sleeping,Hungry baker,NonnaBaker_Eating,Greedy baker,NonnaBaker_Stealing Money,Working baker,NonnaBaker_Baking
12,Nonna Restaurant,Restaurant,NonnaBIG_ISO,2,Host,NonnaHost_Italian,null,Host,NonnaHost_Italian,Punk,NonnaHost_Punk,Cactus,NonnaHost_Cactus,Bear,NonnaHost_Bear
12,Nonna Restaurant,Restaurant,NonnaBIG_ISO,3,Shelf,NonnaShelfLG01,null,Wine,NonnaShelfLG_Wine_Flat,Bread,NonnaShelfLG_Bread_Flat,Sweets,NonnaShelfLG_Sweets_Flat,Bells,NonnaShelfLG_Bells_Flat
12,Nonna Restaurant,Restaurant,NonnaBIG_ISO,4,Pan fire,Nonna_PanFire,null,Put on lid,Nonna_PanLid_Int Variant,Do nothing,Nonna_PanFire_Int,Reveal Bananas Foster,Nonna_BananaFoster_Int Variant,Pour oil on fire,Nonna_PanOilFire_Int Variant
12,Nonna Restaurant,Restaurant,NonnaBIG_ISO,5,Lost drink,Drink_PreWorkOut,null,Water,Drink_Water_2,Smoothie,Drink_Smoothie,Pre-workout,Drink_PreWorkOut,Juice,SaloonBar_Drink_Juice
12,Nonna Restaurant,Restaurant,NonnaBIG_ISO,6,Bodega Pet,CafeCat_Orange,null,Prussian Cat,BodegaPet_CatBlue,Snake,BodegaPet_Snake,Tabby Cat,BodegaPet_CatOrange,Chicken,ChickenGrpPet
12,Nonna Restaurant,Restaurant,NonnaBIG_ISO,7,Rooftop Plant,Plant_int,Arabian_palm_tree,Cactus,Arabian_cactus,Shrub,Arabian_shrub,Pine tree,Arabian_pine_tree,Palm tree,Arabian_palm_tree
12,Nonna Restaurant,Restaurant,NonnaBIG_ISO,8,Table Cloth,TableCloth_Base,null,Fine Cloth,TableCloth_Fine_BIG Var,Nonna's Cloth,TableCloth_Checker_Big,Plaid Cloth,TableCloth_Plaid_BIG Var,Gold Cloth,TableCloth_Gold_BIG Var
12,Nonna Restaurant,Restaurant,NonnaBIG_ISO,9,Night Stand,NightStand,NightStand,Open Sugar Drawer,NightStand (1),Open Rope Drawer,NightStand (2),Open Weird Drawer,NightStand (3),Open Bread Drawer,NightStand (4)
12,Nonna Restaurant,Restaurant,NonnaBIG_ISO,10,Decor,NonnaShelf_Pitcher_Flat,null,Model of Truck,Nonna_ToyCar,Guitar,NonnaShelf_Guitar_Flat,Pitcher,NonnaShelf_Pitcher,Wheat,NonnaShelf_Wheat
12,Nonna Restaurant,Restaurant,NonnaBIG_ISO,11,Terrace Decor,Nonna_FloraDecor,null,Round Bushes,Nonna_FloraDecor_Round,Lattice Wall,Nonna_FloraDecor_Lattice,Spiral Bushes,Nonna_FloraDecor_Spiral,Ivy Wall,Nonna_FloraDecor_Ivy
12,Nonna Restaurant,Restaurant,NonnaBIG_ISO,12,Flower Pot,NonnaPotFlower_Orange_Flat,null,White,NonnaPotFlower_White_Flat,Red,NonnaPotFlower_Red_Flat,Purple,NonnaPotFlower_Purple_Flat,Orange,NonnaPotFlower_Orange_Flat
12,Nonna Restaurant,Restaurant,NonnaBIG_ISO,13,Roman Bust,NonnaBust_Poet,null,Poet,null,Helmet,null,Parmesan,null,Grapes,null
12,Nonna Restaurant,Restaurant,NonnaBIG_ISO,14,Guest,Nonna_DinnerTalk_NPC (1),null,""Where's my dinner?!"",Nonna_DinnerTalk_Angry_Var,""I'm waiting for my date."",Nonna_DinnerTalk_Date_Var,""This is too expensive!"",Nonna_DinnerTalk_Bill_Var,He's busy eating.,Nonna_DinnerTalk_Eat_Var
12,Nonna Restaurant,Restaurant,NonnaBIG_ISO,15,Oven food,OvenFood_Crab,null,Crab,OvenFood_Crab,Bread,OvenFood_Bread,Steak,OvenFood_temp_steak,Cookies,OvenFood_Cookies
13,Saloon,Saloon,SaloonBiggerISO,0,Trough,Saloon_Trough_Drink,null,Empty,Saloon_Trough_Empty,Drink,Saloon_Trough_Drink,Poison,Saloon_Trough_Poison,Fill With Hay,Saloon_Trough_Hay
13,Saloon,Saloon,SaloonBiggerISO,1,Cactus,Saloon_CactusBase,null,Flower Cactus,Saloon_CactusFlower,Crazy Cactus,Saloon_CactusMoustache,Too Cool Cactus,Saloon_CactusCool,Cut Cactus,Saloon_CactusCut
13,Saloon,Saloon,SaloonBiggerISO,2,Ride an Animal,Saloon_RideAnimal_Ankylosaurus,null,Horse,Saloon_RideAnimal_Horse,Ankylosaurus,Saloon_RideAnimal_Ankylosaurus,Cat,Saloon_RideAnimal_Cat,T-Rex,Saloon_RideAnimal_Trex
13,Saloon,Saloon,SaloonBiggerISO,3,Drink,SaloonBar_Drink_Beer,null,Beer,SaloonBar_Drink_Beer,Latte,SaloonBar_Drink_Latte,Juice,SaloonBar_Drink_Juice,Tiki Bowl,SaloonBar_Drink_Tiki
13,Saloon,Saloon,SaloonBiggerISO,4,Cargo,Saloon_WagonCargo_Bananas,null,Bananas,Saloon_WagonCargo_Bananas,Bombs,Saloon_WagonCargo_Bombs,Crabs,Saloon_WagonCargo_Crabs,Hero Sword,Saloon_WagonCargo_Sword
13,Saloon,Saloon,SaloonBiggerISO,5,Hat,SaloonNPC_Hat_Western,null,Fruit Hat,SaloonNPC_Hat_Fruit,Sombrero,SaloonNPC_Hat_Sombrero,Baseball Cap,SaloonNPC_Hat_BBCap,Cowboy Hat,SaloonNPC_Hat_Western
13,Saloon,Saloon,SaloonBiggerISO,6,Music,SaloonPiano_Western,null,Piano,SaloonPiano_Western,Organ,SaloonPiano_Organ,Xylophone,SaloonPiano_Xylophone,Gong,SaloonPiano_Gong
13,Saloon,Saloon,SaloonBiggerISO,7,Coffin,Saloon_Coffin,null,Snuffles,Saloon_Coffin_Cat_Vars,Penguin,Saloon_Coffin_Penguin_Var,Skeleton,Saloon_Coffin_Skeleton_Var 1,Spider,Saloon_Coffin_Spider_Var
13,Saloon,Saloon,SaloonBiggerISO,8,Dancers,SaloonDancer_Folk,null,Folks,SaloonDancer_Folk,Monkeys,SaloonDancer_Monkey,Ghosts,SaloonDancer_Ghost,Miners,SaloonDancer_Miner
13,Saloon,Saloon,SaloonBiggerISO,9,Weapon,SaloonWeapon_Revolver_base,null,Revolver,SaloonWeapon_Revolver,Cutlass,SaloonWeapon_Cutlass,Raygun,SaloonWeapon_RayGun,Mace,SaloonWeapon_Mace
13,Saloon,Saloon,SaloonBiggerISO,10,Poker Pot,SaloonPokerPot_Cash,null,Cash,SaloonPokerPot_Cash,Candy,SaloonPokerPot_Candy,Sports,SaloonPokerPot_Sports,Cheese,SaloonPokerPot_Cheese
13,Saloon,Saloon,SaloonBiggerISO,11,Gang,Saloon_Gang,null,""Your money or your life."",Saloon_Gang_FingerGun_Var,""Road's closed!"",Saloon_Gang_Block_Var,""Let's ride, boys!"",Saloon_Gang_Ride_Var,""This gold is ours!"",Saloon_Gang_Gold_Var
13,Saloon,Saloon,SaloonBiggerISO,12,Sheep,Sheep,Sheep_Base,Herd the Sheep,Sheep_Action_Herd,Cry Wolf ... err Fox,Sheep_Action_Fox,Pet a Sheep,Sheep_Base,Feed the Sheep,Sheep_Action_Feed
13,Saloon,Saloon,SaloonBiggerISO,13,Bartender,NonnaHost_Bear 1,null,""Shots on the house!"",Saloon_Bar_Whiskey,""We're out of hooch!"",Saloon_Bar_Clean,""Milkshake for the kiddo."",Saloon_Bar_Milkshake,""Pay your bill!"",Saloon_Bar_Bill
13,Saloon,Saloon,SaloonBiggerISO,14,Poker Players,SaloonNPC_PokerPlayers_Western,null,Dandies,SaloonNPC_PokerPlayers_Dandy,Westerners,SaloonNPC_PokerPlayers_Western,Dogs,SaloonNPC_PokerPlayers_Dog,HipHop Crew,SaloonNPC_PokerPlayers_Hiphop
13,Saloon,Saloon,SaloonBiggerISO,15,Wanted Poster,Saloon_SignBase,null,""Hot Ugly Dan"",Saloon_Sign_Dan Var,""Granny Vasquez"",Saloon_Sign_Grandma,""Pierrot Le Fou"",Saloon_Sign_PIerrot,""Jumpin' Josie"",Saloon_Sign_Josie
14,Snowlands,Snowland,SnowLand,0,Bodega Pet,SL_Cat_Orange,BodegaPet_CatOrange,Prussian Blue Cat,BodegaPet_CatBlue,Snake,BodegaPet_Snake,Orange Tabby Cat,BodegaPet_CatOrange,Crab,BodegaPet_Crab
14,Snowlands,Snowland,SnowLand,1,Snowman,SL_SnowMan,null,Classic,SL_SnowMan_Classic,Pirate,SL_SnowMan_Pirate,Punk,SL_SnowMan_Punk,Monster,SL_SnowMan_Monster
14,Snowlands,Snowland,SnowLand,2,Ice Skater,IceSkater_Normal,null,Go Slow,IceSkater_Normal,Inward Spin,IceSkater_SpinRight,Outward Spin,IceSkater_SpinLeft,Go Fast!!!,IceSkater_Fast
14,Snowlands,Snowland,SnowLand,3,Lights,SL_Lights_Brazier,null,Lantern,SL_Lights_Lantern,Light Pole,SL_Lights_Lightpole,Candy Canes,SL_Lights_CandyCane,Brazier,SL_Lights_Brazier
14,Snowlands,Snowland,SnowLand,4,Decorate tree,SL_DecorativeTree_01,null,Classic,SL_DecorativeTree_01,Pumpkin,SL_DecorativeTree_Pumpkin,Cat,SL_DecorativeTree_Cat,Fancy,SL_DecorativeTree_Fancy
14,Snowlands,Snowland,SnowLand,5,Bush,CampBush_BerryA,null,Raspberry,CampBush_BerryA,Blueberry,CampBush_BerryB,Flower,CampBush_Flower,Poison Ivy,CampBush_Ivy (1) 1
14,Snowlands,Snowland,SnowLand,6,Relic,Crystal (2),null,Touch.,CrystalTouch 1,Throw rock at it.,CrystalThrowRock 1,Yell at it.,CrystalYell 1,Steal,CrystalSteal 1
14,Snowlands,Snowland,SnowLand,7,Houses,SL_House_Viking,null,Viking House,SL_Houses_Viking,Tee Pee,SL_Houses_Teepee,Dome House,SL_Houses_Dome,Castle House,SL_Houses_Castle
14,Snowlands,Snowland,SnowLand,8,Music,CampMusic_Record,null,Piano,null,Organ,null,Xylophone,null,Banjo,null
14,Snowlands,Snowland,SnowLand,9,Igloo,SL_Igloo_Reg,null,Classic Igloo,SL_Igloo_Reg,Castle,SL_Igloo_Fort,Snowman Head,SL_Igloo_SnowmanHead,Ice Pyramid,SL_Igloo_Pyramid
14,Snowlands,Snowland,SnowLand,10,Statue,SL_Statue_Yeti,null,Yeti Statue,SL_Statue_Yeti,Cat Statue,SL_Statue_Cat,Rabbit Statue,SL_Statue_Rabbit,Egg Statue,SL_Statue_Egg
14,Snowlands,Snowland,SnowLand,11,Penguin choir,SL_penguin_interactable,null,Sing Jazz,null,Sing Flamenco,null,Sing Rock,null,Xylophone,null
14,Snowlands,Snowland,SnowLand,12,Snowland Sport,SL_WinterSport_Ski,null,Skis,SL_WinterSport_Ski,Snowboard,SL_WinterSport_Snowboard,Sled,SL_WinterSport_Sled,Tube,SL_WinterSport_Tube
14,Snowlands,Snowland,SnowLand,13,Yeti Fishing,SL_Yetti_Start,null,Fish,SL_Yetti_Fish,Ice Block,SL_Yetti_IceBlock,Boot,SL_Yetti_Boot,Penguin,SL_Yetti_Penguin
14,Snowlands,Snowland,SnowLand,14,Cook Food,FirePitChicken,null,Cook Chicken,FirePitChicken 1,Cook Egg,FirePitEgg 1,Cook Fish,FirePitFish 1,Cook Soup,FirePitSoup 1
14,Snowlands,Snowland,SnowLand,15,Drink stand,DrinkStandContainer,null,Spiced Cider,SL_DrinkStand_Latte,Spinach Tea,SL_DrinkStand_Tiki,Moonshine,SL_DrinkStand_Fancy,Beer,SL_DrinkStand_Beer
15,Space Colony,Space,Space,0,Signal Beacon,signal_beacon,null,Short Range Signal,signal_beacon 2,Long Range Signal,signal_beacon 3,Distress Signal,signal_beacon 4,Turn Off,signal_beacon 1
15,Space Colony,Space,Space,1,Inspect Plant,SpacePlant (1),null,Pick Fruit,SpacePlant 1,Pick Stamen,SpacePlant 3,Grow,SpacePlant 2,Dig Up,dirt_mound
15,Space Colony,Space,Space,2,Astrosuit,SpaceSuit,null,Color Suit White,SpaceSuit 4,Color Suit Blue,SpaceSuit 1,Color Suit Red,SpaceSuit 2,Color Suit Yellow,SpaceSuit 3
15,Space Colony,Space,Space,3,Greet Alien,NPC_Alien4Arm,null,They want to be friends.,Space_Alien_Hello,They're walking their ""Dogs."",Space_Alien_WalkPet,They seem frightened.,Space_Alien_Hide,They don't like you!,Space_Alien_Hostile
15,Space Colony,Space,Space,4,Spaceship,Spaceship,null,Paint White,Spaceship 1,Paint Red,Spaceship 2,Paint Blue,Spaceship 3,Paint Yellow,Spaceship 4
15,Space Colony,Space,Space,5,Flag,Flag,null,Mars Federation,flag_2,Terran Union,flag_3,Outer Rig Raiders,flag_4,Solar Hawks,flag_5
15,Space Colony,Space,Space,6,Yeti,CampYeti,null,How'd you get here?,null,Have we met before?,null,You look familiar.,null,Hey, back at ya!,null
15,Space Colony,Space,Space,7,Spacebot,Robot_4,null,Opportunity Rover,Robot_4,YARS Bot,Robot_2,K-49,Robot_3,IGG-E,Robot_1
15,Space Colony,Space,Space,8,Food Machine,Food_Machine,null,Make Pizza,Food_Machine,Make Chicken,Food_Machine 2,Make Pretzel,Food_Machine 1,Make Candy,Food_Machine 3
15,Space Colony,Space,Space,9,Energy Orbs,doodad_Blue,null,Hydrogen,doodad_Red,Mercury,doodad_Blue,Helium,doodad_Green,Carbon Dioxide,doodad_Orange
15,Space Colony,Space,Space,10,Scan Planets,Sphere,null,Habitable Planet,null,Dusty Planet,null,Rocky Planet,null,Volatile Planet,null
15,Space Colony,Space,Space,11,Satellite,Satallite,null,Repair,Satallite,Scuttle,Satallite 2,Acitvate,Satallite 4,Gather Parts,Satallite 3
15,Space Colony,Space,Space,12,AI Station,NPCBase_AI,null,Show Weather Report.,Space_AI_ShowWeather,Scan for Lifeforms. ,Space_AI_ShowAlien,Compute Calculations.,Space_AI_ShowMath,Put AI to Sleep Mode.,Space_AI_Sleep
15,Space Colony,Space,Space,13,Inspect Bugs,AlienBug,null,They Seem Uninterested,VFX_Bugs,They Seem Happy,VFX_Bugs_G,They Seem Angry,VFX_Bugs_R,They're Swarming,VFX_Bugs_Swarm
15,Space Colony,Space,Space,14,Harvest Plants,HologramDeck,null,Gangly,PlantHarvester2,Hungry,PlantHarvester4 Variant,Mushroomy,PlantHarvester3 Variant,Normal,PlantHarvester1
15,Space Colony,Space,Space,15,Study Alien Growth,Sample,null,Take Sample,Sample,Check Reading,Sample_Geigar,Disect,Sample_Scaple,Observe,Sample_MagnifyingGlass

